{
  "yql": "select title, lat, lon from ad where geoBoundingBox(center, 52.5134064, 13.3633786, 52.5354536, 13.3974337)",
  "ranking": "polygon_filter",
  "hits": 10,
  "input": {
    "query(slat)": [52.5354536, 52.5316201, 52.5291134, 52.5134064, 52.5346427, 52.5250581, 52.5325048],
    "query(slon)": [13.3799819, 13.3633786, 13.3763462, 13.3933131, 13.3974337, 13.3871323, 13.3796184],
    "query(elat)": [52.5316201, 52.5291134, 52.5134064, 52.5346427, 52.5250581, 52.5325048, 52.5354536],
    "query(elon)": [13.3633786, 13.3763462, 13.3933131, 13.3974337, 13.3871323, 13.3796184, 13.3799819]
  }
}
