{
  "yql": "select title, lat, lon from ad where geoBoundingBox(center, 52.5134064, 13.3633786, 52.5354536, 13.3974337)",
  "ranking": "polygon_filter",
  "hits": 10,
  "input": {
    "query(polygon)": {
      "0": { "slat": 52.5354536, "slon": 13.3799819, "elat": 52.5316201, "elon": 13.3633786 },
      "1": { "slat": 52.5316201, "slon": 13.3633786, "elat": 52.5291134, "elon": 13.3763462 },
      "2": { "slat": 52.5291134, "slon": 13.3763462, "elat": 52.5134064, "elon": 13.3933131 },
      "3": { "slat": 52.5134064, "slon": 13.3933131, "elat": 52.5346427, "elon": 13.3974337 },
      "4": { "slat": 52.5346427, "slon": 13.3974337, "elat": 52.5250581, "elon": 13.3871323 },
      "5": { "slat": 52.5250581, "slon": 13.3871323, "elat": 52.5325048, "elon": 13.3796184 },
      "6": { "slat": 52.5325048, "slon": 13.3796184, "elat": 52.5354536, "elon": 13.3799819 }
    }
  }
}
